transaction_id,vendor_id,invoice_number,txn_date,amount,currency,gl_account,description,__source_file,__issue,__check,control_total,actual_total,variance,reconciled
T000032,V0152,INV-45179,,3094.88,GBP,6100,Software licence,transactions_2024_h1.csv,missing_critical_field,completeness,,,,
T000033,V0072,INV-69087,,397.48,GBP,6300,Freight,transactions_2024_h1.csv,missing_critical_field,completeness,,,,
T000048,V0026,INV-35443,2024-10-30,,GBP,6100,Air travel,transactions_2024_h1.csv,missing_critical_field,completeness,,,,
T000118,V0041,INV-19681,2025-03-28,,GBP,6200,Freight,transactions_2024_h1.csv,missing_critical_field,completeness,,,,
T000130,,INV-36318,2024-05-15,231.87,GBP,6400,Air travel,transactions_2024_h1.csv,missing_critical_field,completeness,,,,
T000204,V0118,INV-57428,2024-03-31,,GBP,6300,Software licence,transactions_2024_h1.csv,missing_critical_field,completeness,,,,
T000214,,INV-67640,2024-10-03,825.95,GBP,6300,Ad spend,transactions_2024_h1.csv,missing_critical_field,completeness,,,,
T000585,V0145,INV-11110,2024-06-17,,GBP,6300,Air travel,transactions_2024_h1.csv,missing_critical_field,completeness,,,,
T000763,V0168,INV-75191,2024-10-29,,GBP,6200,Ad spend,transactions_2024_h1.csv,missing_critical_field,completeness,,,,
T000802,V0028,INV-75239,2024-07-22,,GBP,6400,Office supplies,transactions_2024_h1.csv,missing_critical_field,completeness,,,,
T000896,,INV-67047,2024-03-14,823.51,GBP,6500,Advisory fee,transactions_2024_h1.csv,missing_critical_field,completeness,,,,
T000925,V0183,INV-93995,2025-03-22,,GBP,6200,Air travel,transactions_2024_h1.csv,missing_critical_field,completeness,,,,
T000992,V0186,INV-60374,,42.7,GBP,6400,Advisory fee,transactions_2024_h1.csv,missing_critical_field,completeness,,,,
T001030,V0121,INV-90358,,130.96,GBP,6200,Office supplies,transactions_2024_h1.csv,missing_critical_field,completeness,,,,
T001076,V0021,INV-65343,2024-02-09,,GBP,6400,Freight,transactions_2024_h1.csv,missing_critical_field,completeness,,,,
T001199,V0158,INV-44978,2024-08-24,,GBP,6400,Office supplies,transactions_2024_h1.csv,missing_critical_field,completeness,,,,
T001375,V0157,INV-61463,2024-07-01,,GBP,6500,Ad spend,transactions_2024_h1.csv,missing_critical_field,completeness,,,,
T001508,V0164,INV-45825,2025-02-28,,GBP,6100,Freight,transactions_2024_h1.csv,missing_critical_field,completeness,,,,
T001530,,INV-23424,2024-08-11,117.73,GBP,6100,Freight,transactions_2024_h1.csv,missing_critical_field,completeness,,,,
T001535,V0134,INV-54832,2024-06-25,,GBP,6500,Air travel,transactions_2024_h1.csv,missing_critical_field,completeness,,,,
T001618,,INV-35154,2024-01-29,176.45,GBP,6100,Air travel,transactions_2024_h1.csv,missing_critical_field,completeness,,,,
T001639,,INV-60917,2024-09-01,3900.18,GBP,6300,Air travel,transactions_2024_h1.csv,missing_critical_field,completeness,,,,
T001774,V0016,INV-61546,,499.73,GBP,6500,Advisory fee,transactions_2024_h1.csv,missing_critical_field,completeness,,,,
T001824,,INV-42150,2025-03-30,197.35,GBP,6000,Freight,transactions_2024_h1.csv,missing_critical_field,completeness,,,,
T001948,V0085,INV-42771,2024-05-11,,GBP,6500,Advisory fee,transactions_2024_h1.csv,missing_critical_field,completeness,,,,
T002063,,INV-65950,2024-09-15,619.87,GBP,6500,Air travel,transactions_2024_h1.csv,missing_critical_field,completeness,,,,
T002135,V0185,INV-62952,2024-09-07,,GBP,6000,Software licence,transactions_2024_h1.csv,missing_critical_field,completeness,,,,
T002292,,INV-24733,2025-05-18,1184.11,GBP,6100,Software licence,transactions_2024_h1.csv,missing_critical_field,completeness,,,,
T002439,V0022,INV-26591,,249.53,GBP,6200,Ad spend,transactions_2024_h1.csv,missing_critical_field,completeness,,,,
T002468,,INV-55327,2025-02-13,420.62,GBP,6000,Freight,transactions_2024_h1.csv,missing_critical_field,completeness,,,,
T002549,,INV-82651,2024-07-23,1240.81,GBP,6200,Air travel,transactions_2024_h1.csv,missing_critical_field,completeness,,,,
T002551,V0097,INV-67264,2024-04-08,,GBP,6100,Freight,transactions_2024_h1.csv,missing_critical_field,completeness,,,,
T002738,V0163,INV-21627,,587.91,GBP,6500,Advisory fee,transactions_2024_h1.csv,missing_critical_field,completeness,,,,
T002780,V0187,INV-61595,,683.61,GBP,6400,Advisory fee,transactions_2024_h1.csv,missing_critical_field,completeness,,,,
T002800,V0070,INV-78482,,561.84,GBP,6400,Air travel,transactions_2024_h1.csv,missing_critical_field,completeness,,,,
T002827,V0112,INV-83464,2025-03-28,,GBP,6300,Advisory fee,transactions_2024_h1.csv,missing_critical_field,completeness,,,,
T002947,V0009,INV-96599,,443.07,GBP,6500,Ad spend,transactions_2024_h1.csv,missing_critical_field,completeness,,,,
T002998,V0067,INV-57731,,102.93,GBP,6500,Freight,transactions_2024_h1.csv,missing_critical_field,completeness,,,,
T003125,V0037,INV-93182,2024-04-02,,GBP,6100,Office supplies,transactions_2024_h1.csv,missing_critical_field,completeness,,,,
T003145,V0109,INV-36502,2024-10-12,,GBP,6000,Ad spend,transactions_2024_h1.csv,missing_critical_field,completeness,,,,
T003230,V0111,INV-43031,2025-05-26,,GBP,6000,Office supplies,transactions_2024_h1.csv,missing_critical_field,completeness,,,,
T003247,V0172,INV-82674,2024-08-03,,GBP,6200,Office supplies,transactions_2024_h1.csv,missing_critical_field,completeness,,,,
T003503,V0176,INV-53895,2025-05-15,,GBP,6000,Air travel,transactions_2024_h1.csv,missing_critical_field,completeness,,,,
T003623,,INV-94542,2025-06-13,45.78,GBP,6400,Freight,transactions_2024_h1.csv,missing_critical_field,completeness,,,,
T003663,V0026,INV-29128,2024-10-03,,GBP,6000,Software licence,transactions_2024_h1.csv,missing_critical_field,completeness,,,,
T003679,,INV-70241,2024-12-16,1496.49,GBP,6400,Advisory fee,transactions_2024_h1.csv,missing_critical_field,completeness,,,,
T003758,V0124,INV-97555,,3813.43,GBP,6000,Air travel,transactions_2024_h1.csv,missing_critical_field,completeness,,,,
T003782,,INV-78806,2024-12-04,281.64,GBP,6200,Software licence,transactions_2024_h1.csv,missing_critical_field,completeness,,,,
T003832,V0143,INV-90425,2024-06-07,,GBP,6500,Ad spend,transactions_2024_h1.csv,missing_critical_field,completeness,,,,
T003944,,INV-63372,2025-06-21,29.1,GBP,6000,Software licence,transactions_2024_h1.csv,missing_critical_field,completeness,,,,
T003956,V0123,INV-54951,,205.92,GBP,6400,Office supplies,transactions_2024_h1.csv,missing_critical_field,completeness,,,,
T004061,V0174,INV-96449,,920.48,GBP,6000,Air travel,transactions_2024_h1.csv,missing_critical_field,completeness,,,,
T004064,V0134,INV-95367,2024-06-27,,GBP,6000,Freight,transactions_2024_h1.csv,missing_critical_field,completeness,,,,
T004159,,INV-60123,2024-03-09,197.39,GBP,6500,Software licence,transactions_2024_h1.csv,missing_critical_field,completeness,,,,
T004224,V0158,INV-31227,2025-05-05,,GBP,6100,Freight,transactions_2024_h1.csv,missing_critical_field,completeness,,,,
T004296,V0104,INV-21993,2024-03-27,,GBP,6100,Freight,transactions_2024_h1.csv,missing_critical_field,completeness,,,,
T004356,V0190,INV-82974,,886.66,GBP,6300,Ad spend,transactions_2024_h1.csv,missing_critical_field,completeness,,,,
T004423,V0027,INV-29785,2024-04-25,,GBP,6500,Advisory fee,transactions_2024_h1.csv,missing_critical_field,completeness,,,,
T004456,V0047,INV-57581,2025-09-04,,GBP,6000,Freight,transactions_2024_h1.csv,missing_critical_field,completeness,,,,
T004668,,INV-44047,2024-09-30,2519.68,GBP,6500,Advisory fee,transactions_2024_h1.csv,missing_critical_field,completeness,,,,
T004710,V0091,INV-63087,2024-02-28,,GBP,6300,Office supplies,transactions_2024_h1.csv,missing_critical_field,completeness,,,,
T004759,V0151,INV-60609,2024-05-10,,GBP,6400,Ad spend,transactions_2024_h1.csv,missing_critical_field,completeness,,,,
T004782,,INV-32719,2024-04-27,555.97,GBP,6300,Software licence,transactions_2024_h1.csv,missing_critical_field,completeness,,,,
T004834,V0099,INV-57154,2024-08-20,,GBP,6400,Ad spend,transactions_2024_h1.csv,missing_critical_field,completeness,,,,
T004944,V0147,INV-91098,2025-02-09,,GBP,6300,Software licence,transactions_2024_h1.csv,missing_critical_field,completeness,,,,
T004958,,INV-45462,2024-09-15,1294.78,GBP,6200,Freight,transactions_2024_h1.csv,missing_critical_field,completeness,,,,
T004960,,INV-82816,2024-07-13,701.63,GBP,6500,Software licence,transactions_2024_h1.csv,missing_critical_field,completeness,,,,
T005264,V0136,INV-65559,2024-05-01,,GBP,6100,Ad spend,transactions_2024_h2.csv,missing_critical_field,completeness,,,,
T005425,V0185,INV-28294,2024-12-04,,GBP,6400,Advisory fee,transactions_2024_h2.csv,missing_critical_field,completeness,,,,
T005447,V0041,INV-32624,2024-07-06,,GBP,6200,Software licence,transactions_2024_h2.csv,missing_critical_field,completeness,,,,
T005471,,INV-96381,2024-05-30,2136.64,GBP,6100,Advisory fee,transactions_2024_h2.csv,missing_critical_field,completeness,,,,
T005513,V0087,INV-14784,,813.52,GBP,6500,Office supplies,transactions_2024_h2.csv,missing_critical_field,completeness,,,,
T005588,,INV-58423,2024-10-10,19.83,GBP,6500,Ad spend,transactions_2024_h2.csv,missing_critical_field,completeness,,,,
T005612,V0170,INV-39730,2024-04-02,,GBP,6200,Advisory fee,transactions_2024_h2.csv,missing_critical_field,completeness,,,,
T005648,V0089,INV-20283,2024-10-01,,GBP,6200,Ad spend,transactions_2024_h2.csv,missing_critical_field,completeness,,,,
T005764,V0120,INV-71192,2024-08-11,,GBP,6100,Software licence,transactions_2024_h2.csv,missing_critical_field,completeness,,,,
T005778,V0068,INV-63952,,272.72,GBP,6200,Freight,transactions_2024_h2.csv,missing_critical_field,completeness,,,,
T005888,V0168,INV-22883,2025-06-07,,GBP,6100,Software licence,transactions_2024_h2.csv,missing_critical_field,completeness,,,,
T005890,V0184,INV-88117,2024-02-07,,GBP,6000,Software licence,transactions_2024_h2.csv,missing_critical_field,completeness,,,,
T005967,,INV-10325,2024-07-02,1028.89,GBP,6500,Air travel,transactions_2024_h2.csv,missing_critical_field,completeness,,,,
T005968,V0088,INV-18329,,1550.36,GBP,6200,Air travel,transactions_2024_h2.csv,missing_critical_field,completeness,,,,
T005981,V0014,INV-79250,,134.52,GBP,6400,Software licence,transactions_2024_h2.csv,missing_critical_field,completeness,,,,
T006328,,INV-89942,2025-03-20,797.07,GBP,6200,Ad spend,transactions_2024_h2.csv,missing_critical_field,completeness,,,,
T006612,V0104,INV-14891,,1162.99,GBP,6500,Freight,transactions_2024_h2.csv,missing_critical_field,completeness,,,,
T006615,V0025,INV-51150,2025-02-02,,GBP,6100,Software licence,transactions_2024_h2.csv,missing_critical_field,completeness,,,,
T006633,V0076,INV-82449,2024-04-10,,GBP,6100,Advisory fee,transactions_2024_h2.csv,missing_critical_field,completeness,,,,
T006679,V0195,INV-38166,2025-06-20,,GBP,6200,Advisory fee,transactions_2024_h2.csv,missing_critical_field,completeness,,,,
T006917,V0089,INV-37591,2025-03-01,,GBP,6400,Ad spend,transactions_2024_h2.csv,missing_critical_field,completeness,,,,
T006928,,INV-80307,2025-10-01,116.26,GBP,6200,Air travel,transactions_2024_h2.csv,missing_critical_field,completeness,,,,
T006940,V0183,INV-38410,2025-05-26,,GBP,6200,Air travel,transactions_2024_h2.csv,missing_critical_field,completeness,,,,
T007037,,INV-69643,2024-08-26,71.62,GBP,6000,Advisory fee,transactions_2024_h2.csv,missing_critical_field,completeness,,,,
T007080,V0149,INV-92804,,339.64,GBP,6000,Air travel,transactions_2024_h2.csv,missing_critical_field,completeness,,,,
T007181,V0059,INV-65456,,570.14,GBP,6000,Office supplies,transactions_2024_h2.csv,missing_critical_field,completeness,,,,
T007215,V0135,INV-75645,2024-04-10,,GBP,6400,Freight,transactions_2024_h2.csv,missing_critical_field,completeness,,,,
T007264,V0156,INV-59491,,1799.43,GBP,6100,Air travel,transactions_2024_h2.csv,missing_critical_field,completeness,,,,
T007313,,INV-31997,2025-03-12,516.11,GBP,6300,Air travel,transactions_2024_h2.csv,missing_critical_field,completeness,,,,
T007344,,INV-78950,2025-01-20,148.32,GBP,6200,Advisory fee,transactions_2024_h2.csv,missing_critical_field,completeness,,,,
T007378,V0106,INV-37960,2024-03-24,,GBP,6400,Advisory fee,transactions_2024_h2.csv,missing_critical_field,completeness,,,,
T007442,V0037,INV-83433,2024-01-31,,GBP,6400,Software licence,transactions_2024_h2.csv,missing_critical_field,completeness,,,,
T007592,V0127,INV-19769,2025-06-12,,GBP,6300,Software licence,transactions_2024_h2.csv,missing_critical_field,completeness,,,,
T007707,V0124,INV-68829,2024-08-19,,GBP,6200,Ad spend,transactions_2025.xlsx,missing_critical_field,completeness,,,,
T007747,V0111,INV-96514,2025-01-11,,GBP,6300,Advisory fee,transactions_2025.xlsx,missing_critical_field,completeness,,,,
T007749,,INV-84494,2024-12-17,900.37,GBP,6400,Freight,transactions_2025.xlsx,missing_critical_field,completeness,,,,
T007757,V0101,INV-95211,,140.94,GBP,6000,Software licence,transactions_2025.xlsx,missing_critical_field,completeness,,,,
T007988,,INV-58234,2024-07-22,273.88,GBP,6000,Ad spend,transactions_2025.xlsx,missing_critical_field,completeness,,,,
T008074,,INV-12642,2025-01-31,168.28,GBP,6500,Software licence,transactions_2025.xlsx,missing_critical_field,completeness,,,,
T008076,,INV-55059,2024-06-16,477.92,GBP,6000,Software licence,transactions_2025.xlsx,missing_critical_field,completeness,,,,
T008254,V0009,INV-73181,,130.62,GBP,6000,Air travel,transactions_2025.xlsx,missing_critical_field,completeness,,,,
T008369,V0048,INV-26125,,2414.08,GBP,6400,Advisory fee,transactions_2025.xlsx,missing_critical_field,completeness,,,,
T008403,V0178,INV-82045,2025-04-30,,GBP,6300,Air travel,transactions_2025.xlsx,missing_critical_field,completeness,,,,
T008407,V0181,INV-53903,2024-09-12,,GBP,6000,Air travel,transactions_2025.xlsx,missing_critical_field,completeness,,,,
T008580,V0130,INV-81525,,648.14,GBP,6400,Freight,transactions_2025.xlsx,missing_critical_field,completeness,,,,
T008592,,INV-47288,2024-01-05,66.68,GBP,6300,Software licence,transactions_2025.xlsx,missing_critical_field,completeness,,,,
T008643,,INV-16784,2024-01-21,1418.99,GBP,6100,Office supplies,transactions_2025.xlsx,missing_critical_field,completeness,,,,
T008681,V0140,INV-24684,2024-05-23,,GBP,6400,Software licence,transactions_2025.xlsx,missing_critical_field,completeness,,,,
T008694,,INV-75640,2024-06-05,353.71,GBP,6200,Software licence,transactions_2025.xlsx,missing_critical_field,completeness,,,,
T008696,V0115,INV-15969,,1092.57,GBP,6400,Air travel,transactions_2025.xlsx,missing_critical_field,completeness,,,,
T008824,V0179,INV-56444,2024-12-28,,GBP,6300,Advisory fee,transactions_2025.xlsx,missing_critical_field,completeness,,,,
T008865,V0180,INV-52382,,677.58,GBP,6000,Office supplies,transactions_2025.xlsx,missing_critical_field,completeness,,,,
T009006,,INV-86579,2025-04-21,113.15,GBP,6000,Office supplies,transactions_2025.xlsx,missing_critical_field,completeness,,,,
T009028,V0089,INV-88571,2024-09-05,,GBP,6400,Advisory fee,transactions_2025.xlsx,missing_critical_field,completeness,,,,
T009110,V0162,INV-89943,2024-03-01,,GBP,6000,Advisory fee,transactions_2025.xlsx,missing_critical_field,completeness,,,,
T009172,,INV-19567,2024-10-02,423.7,GBP,6200,Software licence,transactions_2025.xlsx,missing_critical_field,completeness,,,,
T009366,,INV-99814,2024-03-30,77.41,GBP,6300,Air travel,transactions_2025.xlsx,missing_critical_field,completeness,,,,
T009484,,INV-51675,2025-01-22,545.94,GBP,6300,Software licence,transactions_2025.xlsx,missing_critical_field,completeness,,,,
T009514,V0193,INV-34340,2024-08-31,,GBP,6500,Software licence,transactions_2025.xlsx,missing_critical_field,completeness,,,,
T009575,V0191,INV-61659,2024-04-06,,GBP,6400,Software licence,transactions_2025.xlsx,missing_critical_field,completeness,,,,
T009785,V0130,INV-25040,2024-01-06,,GBP,6500,Advisory fee,transactions_2025.xlsx,missing_critical_field,completeness,,,,
T009826,,INV-71428,2024-02-21,74.62,GBP,6300,Ad spend,transactions_2025.xlsx,missing_critical_field,completeness,,,,
T009967,V0034,INV-64618,,236.21,GBP,6400,Ad spend,transactions_2025.xlsx,missing_critical_field,completeness,,,,
T000279,V9294,INV-16265,2024-12-05,435.63,GBP,6200,Software licence,transactions_2024_h1.csv,orphan_vendor_id,referential_integrity,,,,
T000292,V9251,INV-40932,2025-01-10,234.56,GBP,6200,Ad spend,transactions_2024_h1.csv,orphan_vendor_id,referential_integrity,,,,
T000308,V9384,INV-50539,2025-02-11,210.45,GBP,6500,Advisory fee,transactions_2024_h1.csv,orphan_vendor_id,referential_integrity,,,,
T000392,V9756,INV-40870,2025-02-04,693.06,GBP,6200,Air travel,transactions_2024_h1.csv,orphan_vendor_id,referential_integrity,,,,
T000831,V9988,INV-16599,2025-03-06,91.94,GBP,6100,Freight,transactions_2024_h1.csv,orphan_vendor_id,referential_integrity,,,,
T000957,V9802,INV-85008,2024-05-30,588.16,GBP,6000,Office supplies,transactions_2024_h1.csv,orphan_vendor_id,referential_integrity,,,,
T001050,V9767,INV-55039,2024-08-21,1841.07,GBP,6200,Air travel,transactions_2024_h1.csv,orphan_vendor_id,referential_integrity,,,,
T001086,V9433,INV-75325,2025-01-15,647.45,GBP,6300,Advisory fee,transactions_2024_h1.csv,orphan_vendor_id,referential_integrity,,,,
T001105,V9972,INV-12798,2025-01-21,1365.12,GBP,6200,Advisory fee,transactions_2024_h1.csv,orphan_vendor_id,referential_integrity,,,,
T001476,V9882,INV-63961,2024-12-17,823.13,GBP,6500,Advisory fee,transactions_2024_h1.csv,orphan_vendor_id,referential_integrity,,,,
T001511,V9443,INV-49834,2025-05-20,114.91,GBP,6400,Advisory fee,transactions_2024_h1.csv,orphan_vendor_id,referential_integrity,,,,
T001724,V9581,INV-80041,2024-01-19,793.86,GBP,6000,Ad spend,transactions_2024_h1.csv,orphan_vendor_id,referential_integrity,,,,
T001926,V9980,INV-93380,2024-09-07,146.74,GBP,6000,Freight,transactions_2024_h1.csv,orphan_vendor_id,referential_integrity,,,,
T002127,V9842,INV-86072,2024-02-25,110.07,GBP,6500,Air travel,transactions_2024_h1.csv,orphan_vendor_id,referential_integrity,,,,
T002210,V9587,INV-57775,2025-03-14,403.11,GBP,6100,Freight,transactions_2024_h1.csv,orphan_vendor_id,referential_integrity,,,,
T002415,V9472,INV-23051,2024-05-09,1235.74,GBP,6400,Software licence,transactions_2024_h1.csv,orphan_vendor_id,referential_integrity,,,,
T002507,V9965,INV-63026,2025-05-02,10342.37,GBP,6300,Software licence,transactions_2024_h1.csv,orphan_vendor_id,referential_integrity,,,,
T002561,V9117,INV-84113,2025-05-08,132.25,GBP,6500,Air travel,transactions_2024_h1.csv,orphan_vendor_id,referential_integrity,,,,
T002765,V9846,INV-11787,2024-06-02,532.98,GBP,6000,Freight,transactions_2024_h1.csv,orphan_vendor_id,referential_integrity,,,,
T003109,V9702,INV-59418,2025-06-21,662.26,GBP,6100,Office supplies,transactions_2024_h1.csv,orphan_vendor_id,referential_integrity,,,,
T003196,V9683,INV-23582,2024-10-27,51.01,GBP,6400,Freight,transactions_2024_h1.csv,orphan_vendor_id,referential_integrity,,,,
T003229,V9872,INV-50789,2024-12-29,950.78,GBP,6100,Advisory fee,transactions_2024_h1.csv,orphan_vendor_id,referential_integrity,,,,
T003299,V9494,INV-15037,2024-05-26,113.44,GBP,6000,Advisory fee,transactions_2024_h1.csv,orphan_vendor_id,referential_integrity,,,,
T003389,V9600,INV-30012,2024-05-25,1040.86,GBP,6500,Ad spend,transactions_2024_h1.csv,orphan_vendor_id,referential_integrity,,,,
T003477,V9929,INV-24756,2024-03-29,1182.75,GBP,6500,Office supplies,transactions_2024_h1.csv,orphan_vendor_id,referential_integrity,,,,
T003527,V9336,INV-75807,2024-07-04,324.49,GBP,6300,Air travel,transactions_2024_h1.csv,orphan_vendor_id,referential_integrity,,,,
T003765,V9726,INV-91405,2025-10-05,517.15,GBP,6400,Advisory fee,transactions_2024_h1.csv,orphan_vendor_id,referential_integrity,,,,
T003830,V9521,INV-12660,2024-03-05,684.71,GBP,6400,Software licence,transactions_2024_h1.csv,orphan_vendor_id,referential_integrity,,,,
T003924,V9127,INV-40025,2025-12-01,68.53,GBP,6200,Freight,transactions_2024_h1.csv,orphan_vendor_id,referential_integrity,,,,
T004030,V9576,INV-51182,2025-01-01,974.91,GBP,6500,Office supplies,transactions_2024_h1.csv,orphan_vendor_id,referential_integrity,,,,
T004034,V9611,INV-10060,2025-01-23,17.76,GBP,6000,Office supplies,transactions_2024_h1.csv,orphan_vendor_id,referential_integrity,,,,
T004054,V9353,INV-87150,2025-03-14,499.86,GBP,6300,Advisory fee,transactions_2024_h1.csv,orphan_vendor_id,referential_integrity,,,,
T004287,V9627,INV-92045,2024-10-23,243.86,GBP,6500,Freight,transactions_2024_h1.csv,orphan_vendor_id,referential_integrity,,,,
T004289,V9127,INV-28119,2024-06-13,2121.85,GBP,6000,Ad spend,transactions_2024_h1.csv,orphan_vendor_id,referential_integrity,,,,
T004293,V9821,INV-80791,2024-02-17,78.85,GBP,6300,Ad spend,transactions_2024_h1.csv,orphan_vendor_id,referential_integrity,,,,
T004327,V9156,INV-57227,2024-10-12,209.54,GBP,6200,Ad spend,transactions_2024_h1.csv,orphan_vendor_id,referential_integrity,,,,
T004646,V9932,INV-83966,2025-04-28,2387.33,GBP,6200,Ad spend,transactions_2024_h1.csv,orphan_vendor_id,referential_integrity,,,,
T004664,V9147,INV-28623,2024-05-03,240.22,GBP,6000,Air travel,transactions_2024_h1.csv,orphan_vendor_id,referential_integrity,,,,
T004817,V9353,INV-36792,2024-01-11,1724.09,GBP,6100,Software licence,transactions_2024_h1.csv,orphan_vendor_id,referential_integrity,,,,
T004821,V9601,INV-72703,2024-12-21,338.95,GBP,6200,Office supplies,transactions_2024_h1.csv,orphan_vendor_id,referential_integrity,,,,
T004844,V9249,INV-55436,2025-03-01,345.22,GBP,6500,Freight,transactions_2024_h1.csv,orphan_vendor_id,referential_integrity,,,,
T004851,V9724,INV-60831,2024-09-17,22.48,GBP,6100,Office supplies,transactions_2024_h1.csv,orphan_vendor_id,referential_integrity,,,,
T005004,V9243,INV-45290,2025-04-27,280.59,GBP,6100,Air travel,transactions_2024_h1.csv,orphan_vendor_id,referential_integrity,,,,
T005049,V9744,INV-89921,2025-05-18,1385.82,GBP,6400,Software licence,transactions_2024_h1.csv,orphan_vendor_id,referential_integrity,,,,
T005340,V9827,INV-28135,2025-01-01,941.88,GBP,6400,Office supplies,transactions_2024_h2.csv,orphan_vendor_id,referential_integrity,,,,
T005436,V9580,INV-66360,2024-12-28,205.56,GBP,6000,Air travel,transactions_2024_h2.csv,orphan_vendor_id,referential_integrity,,,,
T005541,V9554,INV-41117,2024-11-30,2586.62,GBP,6200,Advisory fee,transactions_2024_h2.csv,orphan_vendor_id,referential_integrity,,,,
T005724,V9802,INV-51423,2025-03-09,207.63,GBP,6000,Air travel,transactions_2024_h2.csv,orphan_vendor_id,referential_integrity,,,,
T005731,V9183,INV-26136,2024-03-22,90000.0,GBP,6500,Freight,transactions_2024_h2.csv,orphan_vendor_id,referential_integrity,,,,
T006004,V9748,INV-27103,2024-07-07,220.79,GBP,6500,Office supplies,transactions_2024_h2.csv,orphan_vendor_id,referential_integrity,,,,
T006038,V9673,INV-75563,2025-03-15,62.52,GBP,6100,Advisory fee,transactions_2024_h2.csv,orphan_vendor_id,referential_integrity,,,,
T006244,V9286,INV-65273,2024-05-09,1120.83,GBP,6300,Ad spend,transactions_2024_h2.csv,orphan_vendor_id,referential_integrity,,,,
T006410,V9399,INV-93702,2024-07-04,492.84,GBP,6400,Ad spend,transactions_2024_h2.csv,orphan_vendor_id,referential_integrity,,,,
T006488,V9818,INV-21855,2024-10-25,85.83,GBP,6500,Office supplies,transactions_2024_h2.csv,orphan_vendor_id,referential_integrity,,,,
T006613,V9509,INV-40575,2024-09-24,104.71,GBP,6200,Air travel,transactions_2024_h2.csv,orphan_vendor_id,referential_integrity,,,,
T006920,V9858,INV-69618,2024-08-22,389.68,GBP,6200,Freight,transactions_2024_h2.csv,orphan_vendor_id,referential_integrity,,,,
T007058,V9111,INV-18870,2024-11-08,391.46,GBP,6400,Office supplies,transactions_2024_h2.csv,orphan_vendor_id,referential_integrity,,,,
T007275,V9758,INV-46098,2025-12-05,1958.77,GBP,6500,Freight,transactions_2024_h2.csv,orphan_vendor_id,referential_integrity,,,,
T007518,V9535,INV-93469,2024-07-16,307.33,GBP,6200,Advisory fee,transactions_2024_h2.csv,orphan_vendor_id,referential_integrity,,,,
T007654,V9905,INV-18419,2024-10-15,686.13,GBP,6300,Advisory fee,transactions_2025.xlsx,orphan_vendor_id,referential_integrity,,,,
T007900,V9616,INV-54103,2024-08-07,236.45,GBP,6100,Ad spend,transactions_2025.xlsx,orphan_vendor_id,referential_integrity,,,,
T008113,V9715,INV-69325,2024-07-03,58.41,GBP,6000,Air travel,transactions_2025.xlsx,orphan_vendor_id,referential_integrity,,,,
T008173,V9773,INV-82974,2024-11-02,538.48,GBP,6300,Software licence,transactions_2025.xlsx,orphan_vendor_id,referential_integrity,,,,
T008234,V9552,INV-86839,2025-03-10,213.39,GBP,6400,Air travel,transactions_2025.xlsx,orphan_vendor_id,referential_integrity,,,,
T008292,V9148,INV-15881,2025-02-18,90000.0,GBP,6500,Air travel,transactions_2025.xlsx,orphan_vendor_id,referential_integrity,,,,
T008451,V9260,INV-76034,2024-07-17,58.5,GBP,6000,Air travel,transactions_2025.xlsx,orphan_vendor_id,referential_integrity,,,,
T008689,V9566,INV-31230,2024-03-09,3793.07,GBP,6000,Ad spend,transactions_2025.xlsx,orphan_vendor_id,referential_integrity,,,,
T008710,V9891,INV-98999,2024-08-25,154.22,GBP,6400,Air travel,transactions_2025.xlsx,orphan_vendor_id,referential_integrity,,,,
T008762,V9682,INV-75563,2024-05-26,97.05,GBP,6200,Ad spend,transactions_2025.xlsx,orphan_vendor_id,referential_integrity,,,,
T008796,V9896,INV-76647,2024-03-31,54.75,GBP,6400,Advisory fee,transactions_2025.xlsx,orphan_vendor_id,referential_integrity,,,,
T009128,V9909,INV-47313,2025-05-19,164.71,GBP,6200,Ad spend,transactions_2025.xlsx,orphan_vendor_id,referential_integrity,,,,
T009276,V9615,INV-12240,2025-12-05,51.76,GBP,6200,Software licence,transactions_2025.xlsx,orphan_vendor_id,referential_integrity,,,,
T009381,V9324,INV-27262,2024-09-24,402.44,GBP,6200,Software licence,transactions_2025.xlsx,orphan_vendor_id,referential_integrity,,,,
T009635,V9547,INV-13874,2024-07-24,374.27,GBP,6500,Air travel,transactions_2025.xlsx,orphan_vendor_id,referential_integrity,,,,
T009671,V9694,INV-48448,2024-04-22,495.62,GBP,6500,Advisory fee,transactions_2025.xlsx,orphan_vendor_id,referential_integrity,,,,
T009734,V9806,INV-98082,2024-02-26,102.55,GBP,6500,Ad spend,transactions_2025.xlsx,orphan_vendor_id,referential_integrity,,,,
T009846,V9433,INV-87050,2024-09-09,310.3,GBP,6200,Advisory fee,transactions_2025.xlsx,orphan_vendor_id,referential_integrity,,,,
T009905,V9610,INV-41003,2024-04-19,1173.26,GBP,6400,Ad spend,transactions_2025.xlsx,orphan_vendor_id,referential_integrity,,,,
T900089,V9665,INV-72711,2024-09-17,1075.43,GBP,6000,Office supplies,transactions_2025.xlsx,orphan_vendor_id,referential_integrity,,,,
,,,,,,6000,,,,reconciliation,1165902.41,2070919.53,905017.12,False
,,,,,,6100,,,,reconciliation,1262797.31,1925855.04,663057.73,False
,,,,,,6200,,,,reconciliation,1150131.03,1673087.4,522956.37,False
,,,,,,6300,,,,reconciliation,1291179.77,2263506.45,972326.68,False
,,,,,,6400,,,,reconciliation,1317874.3,2460542.7,1142668.4,False
,,,,,,6500,,,,reconciliation,1226179.5,2565140.57,1338961.07,False
T006682,V0001,INV-95540,2024-12-12,541.78,GBP,6000,Freight,transactions_2024_h2.csv,duplicate_payment_candidate,duplicate_payments,,,,
T900137,V0001,INV-95540,2024-12-14,541.78,GBP,6000,Freight,transactions_2025.xlsx,duplicate_payment_candidate,duplicate_payments,,,,
T009124,V0002,INV-23788,2024-03-22,409.74,GBP,6300,Ad spend,transactions_2025.xlsx,duplicate_payment_candidate,duplicate_payments,,,,
T900108,V0002,INV-23788,2024-03-25,409.74,GBP,6300,Ad spend,transactions_2025.xlsx,duplicate_payment_candidate,duplicate_payments,,,,
T001069,V0003,INV-10012,2025-06-19,241.18,GBP,6100,Air travel,transactions_2024_h1.csv,duplicate_payment_candidate,duplicate_payments,,,,
T900147,V0003,INV-10012,2025-06-20,241.18,GBP,6100,Air travel,transactions_2025.xlsx,duplicate_payment_candidate,duplicate_payments,,,,
T009656,V0003,INV-37419,2025-01-01,1695.04,GBP,6100,Freight,transactions_2025.xlsx,duplicate_payment_candidate,duplicate_payments,,,,
T900057,V0003,INV-37419,2025-01-01,1695.04,GBP,6100,Freight,transactions_2025.xlsx,duplicate_payment_candidate,duplicate_payments,,,,
T009486,V0004,INV-55895,2024-10-27,1676.94,GBP,6100,Advisory fee,transactions_2025.xlsx,duplicate_payment_candidate,duplicate_payments,,,,
T900023,V0004,INV-55895,2024-10-28,1676.94,GBP,6100,Advisory fee,transactions_2025.xlsx,duplicate_payment_candidate,duplicate_payments,,,,
T002021,V0005,INV-89761,2025-04-04,430.92,GBP,6300,Freight,transactions_2024_h1.csv,duplicate_payment_candidate,duplicate_payments,,,,
T900079,V0005,INV-89761,2025-04-06,430.92,GBP,6300,Freight,transactions_2025.xlsx,duplicate_payment_candidate,duplicate_payments,,,,
T007540,V0008,INV-67357,2025-02-18,286.57,GBP,6000,Office supplies,transactions_2024_h2.csv,duplicate_payment_candidate,duplicate_payments,,,,
T900098,V0008,INV-67357,2025-02-18,286.57,GBP,6000,Office supplies,transactions_2025.xlsx,duplicate_payment_candidate,duplicate_payments,,,,
T009754,V0009,INV-60184,2024-10-07,584.2,GBP,6200,Advisory fee,transactions_2025.xlsx,duplicate_payment_candidate,duplicate_payments,,,,
T900067,V0009,INV-60184,2024-07-11,584.2,GBP,6200,Advisory fee,transactions_2025.xlsx,duplicate_payment_candidate,duplicate_payments,,,,
T002345,V0010,INV-48026,2024-06-14,37.76,GBP,6100,Advisory fee,transactions_2024_h1.csv,duplicate_payment_candidate,duplicate_payments,,,,
T900118,V0010,INV-48026,2024-06-15,37.76,GBP,6100,Advisory fee,transactions_2025.xlsx,duplicate_payment_candidate,duplicate_payments,,,,
T005548,V0014,INV-29228,2024-03-18,675.79,GBP,6300,Advisory fee,transactions_2024_h2.csv,duplicate_payment_candidate,duplicate_payments,,,,
T900040,V0014,INV-29228,2024-03-19,675.79,GBP,6300,Advisory fee,transactions_2025.xlsx,duplicate_payment_candidate,duplicate_payments,,,,
T005360,V0015,INV-48604,2024-06-10,298.17,GBP,6400,Freight,transactions_2024_h2.csv,duplicate_payment_candidate,duplicate_payments,,,,
T900082,V0015,INV-48604,2024-06-11,298.17,GBP,6400,Freight,transactions_2025.xlsx,duplicate_payment_candidate,duplicate_payments,,,,
T005422,V0016,INV-35041,2024-06-19,108.91,GBP,6500,Software licence,transactions_2024_h2.csv,duplicate_payment_candidate,duplicate_payments,,,,
T900146,V0016,INV-35041,2024-06-20,108.91,GBP,6500,Software licence,transactions_2025.xlsx,duplicate_payment_candidate,duplicate_payments,,,,
T001124,V0016,INV-57307,2025-03-01,114.74,GBP,6200,Advisory fee,transactions_2024_h1.csv,duplicate_payment_candidate,duplicate_payments,,,,
T900113,V0016,INV-57307,2025-03-03,114.74,GBP,6200,Advisory fee,transactions_2025.xlsx,duplicate_payment_candidate,duplicate_payments,,,,
T008576,V0018,INV-12050,2024-11-03,630.43,GBP,6100,Ad spend,transactions_2025.xlsx,duplicate_payment_candidate,duplicate_payments,,,,
T900078,V0018,INV-12050,2024-11-06,630.43,GBP,6100,Ad spend,transactions_2025.xlsx,duplicate_payment_candidate,duplicate_payments,,,,
T004948,V0020,INV-76723,2024-07-17,92.94,GBP,6400,Freight,transactions_2024_h1.csv,duplicate_payment_candidate,duplicate_payments,,,,
T900024,V0020,INV-76723,2024-07-17,92.94,GBP,6400,Freight,transactions_2025.xlsx,duplicate_payment_candidate,duplicate_payments,,,,
T004696,V0024,INV-16416,2025-04-15,324.4,GBP,6000,Freight,transactions_2024_h1.csv,duplicate_payment_candidate,duplicate_payments,,,,
T900125,V0024,INV-16416,2025-04-18,324.4,GBP,6000,Freight,transactions_2025.xlsx,duplicate_payment_candidate,duplicate_payments,,,,
T004522,V0025,INV-88777,2024-01-20,1315.23,GBP,6100,Air travel,transactions_2024_h1.csv,duplicate_payment_candidate,duplicate_payments,,,,
T900004,V0025,INV-88777,2024-01-20,1315.23,GBP,6100,Air travel,transactions_2025.xlsx,duplicate_payment_candidate,duplicate_payments,,,,
T002546,V0026,INV-44243,2024-05-11,649.53,GBP,6400,Air travel,transactions_2024_h1.csv,duplicate_payment_candidate,duplicate_payments,,,,
T900058,V0026,INV-44243,2024-11-08,649.53,GBP,6400,Air travel,transactions_2025.xlsx,duplicate_payment_candidate,duplicate_payments,,,,
T000583,V0027,INV-51071,2025-01-11,809.21,GBP,6200,Office supplies,transactions_2024_h1.csv,duplicate_payment_candidate,duplicate_payments,,,,
T900016,V0027,INV-51071,2025-12-01,809.21,GBP,6200,Office supplies,transactions_2025.xlsx,duplicate_payment_candidate,duplicate_payments,,,,
T001964,V0028,INV-53101,2025-07-04,820.35,GBP,6500,Air travel,transactions_2024_h1.csv,duplicate_payment_candidate,duplicate_payments,,,,
T900026,V0028,INV-53101,2025-04-10,820.35,GBP,6500,Air travel,transactions_2025.xlsx,duplicate_payment_candidate,duplicate_payments,,,,
T002593,V0028,INV-75461,2025-05-02,384.87,GBP,6200,Office supplies,transactions_2024_h1.csv,duplicate_payment_candidate,duplicate_payments,,,,
T900059,V0028,INV-75461,2025-05-05,384.87,GBP,6200,Office supplies,transactions_2025.xlsx,duplicate_payment_candidate,duplicate_payments,,,,
T007217,V0030,INV-60577,2024-05-09,210.5,GBP,6400,Freight,transactions_2024_h2.csv,duplicate_payment_candidate,duplicate_payments,,,,
T900120,V0030,INV-60577,2024-08-09,210.5,GBP,6400,Freight,transactions_2025.xlsx,duplicate_payment_candidate,duplicate_payments,,,,
T006253,V0030,INV-78124,2024-10-25,7344.23,GBP,6500,Advisory fee,transactions_2024_h2.csv,duplicate_payment_candidate,duplicate_payments,,,,
T900000,V0030,INV-78124,2024-10-26,7344.23,GBP,6500,Advisory fee,transactions_2025.xlsx,duplicate_payment_candidate,duplicate_payments,,,,
T007888,V0032,INV-96447,2024-01-08,65.32,GBP,6000,Office supplies,transactions_2025.xlsx,duplicate_payment_candidate,duplicate_payments,,,,
T900144,V0032,INV-96447,2024-04-08,65.32,GBP,6000,Office supplies,transactions_2025.xlsx,duplicate_payment_candidate,duplicate_payments,,,,
T003400,V0037,INV-40821,2025-06-15,258.57,GBP,6300,Office supplies,transactions_2024_h1.csv,duplicate_payment_candidate,duplicate_payments,,,,
T900126,V0037,INV-40821,2025-06-17,258.57,GBP,6300,Office supplies,transactions_2025.xlsx,duplicate_payment_candidate,duplicate_payments,,,,
T005203,V0038,INV-17034,2024-07-04,475.52,GBP,6000,Freight,transactions_2024_h2.csv,duplicate_payment_candidate,duplicate_payments,,,,
T900007,V0038,INV-17034,2024-09-04,475.52,GBP,6000,Freight,transactions_2025.xlsx,duplicate_payment_candidate,duplicate_payments,,,,
T003040,V0038,INV-50138,2024-07-12,321.41,GBP,6500,Air travel,transactions_2024_h1.csv,duplicate_payment_candidate,duplicate_payments,,,,
T900056,V0038,INV-50138,2024-08-12,321.41,GBP,6500,Air travel,transactions_2025.xlsx,duplicate_payment_candidate,duplicate_payments,,,,
T001732,V0038,INV-72126,2025-08-03,274.72,GBP,6000,Software licence,transactions_2024_h1.csv,duplicate_payment_candidate,duplicate_payments,,,,
T900002,V0038,INV-72126,2025-08-03,274.72,GBP,6000,Software licence,transactions_2025.xlsx,duplicate_payment_candidate,duplicate_payments,,,,
T005862,V0039,INV-48653,2024-05-30,1557.49,GBP,6300,Air travel,transactions_2024_h2.csv,duplicate_payment_candidate,duplicate_payments,,,,
T900084,V0039,INV-48653,2024-05-31,1557.49,GBP,6300,Air travel,transactions_2025.xlsx,duplicate_payment_candidate,duplicate_payments,,,,
T007943,V0039,INV-79833,2024-12-29,82.41,GBP,6500,Ad spend,transactions_2025.xlsx,duplicate_payment_candidate,duplicate_payments,,,,
T900091,V0039,INV-79833,2024-12-29,82.41,GBP,6500,Ad spend,transactions_2025.xlsx,duplicate_payment_candidate,duplicate_payments,,,,
T005273,V0040,INV-56501,2024-02-22,107.8,GBP,6500,Freight,transactions_2024_h2.csv,duplicate_payment_candidate,duplicate_payments,,,,
T900012,V0040,INV-56501,2024-02-23,107.8,GBP,6500,Freight,transactions_2025.xlsx,duplicate_payment_candidate,duplicate_payments,,,,
T001348,V0040,INV-75004,2025-02-26,1127.49,GBP,6300,Office supplies,transactions_2024_h1.csv,duplicate_payment_candidate,duplicate_payments,,,,
T900148,V0040,INV-75004,2025-02-26,1127.49,GBP,6300,Office supplies,transactions_2025.xlsx,duplicate_payment_candidate,duplicate_payments,,,,
T008285,V0047,INV-41346,2025-02-12,133.69,GBP,6000,Office supplies,transactions_2025.xlsx,duplicate_payment_candidate,duplicate_payments,,,,
T900051,V0047,INV-41346,2025-12-02,133.69,GBP,6000,Office supplies,transactions_2025.xlsx,duplicate_payment_candidate,duplicate_payments,,,,
T007439,V0049,INV-97774,2024-05-10,76.31,GBP,6500,Office supplies,transactions_2024_h2.csv,duplicate_payment_candidate,duplicate_payments,,,,
T900090,V0049,INV-97774,2024-07-10,76.31,GBP,6500,Office supplies,transactions_2025.xlsx,duplicate_payment_candidate,duplicate_payments,,,,
T003858,V0050,INV-32553,2024-09-06,773.16,GBP,6100,Advisory fee,transactions_2024_h1.csv,duplicate_payment_candidate,duplicate_payments,,,,
T900083,V0050,INV-32553,2024-06-12,773.16,GBP,6100,Advisory fee,transactions_2025.xlsx,duplicate_payment_candidate,duplicate_payments,,,,
T002341,V0050,INV-51218,2025-02-04,870.19,GBP,6500,Air travel,transactions_2024_h1.csv,duplicate_payment_candidate,duplicate_payments,,,,
T900109,V0050,INV-51218,2025-07-02,870.19,GBP,6500,Air travel,transactions_2025.xlsx,duplicate_payment_candidate,duplicate_payments,,,,
T004685,V0051,INV-25941,2024-07-21,128.92,GBP,6300,Freight,transactions_2024_h1.csv,duplicate_payment_candidate,duplicate_payments,,,,
T900001,V0051,INV-25941,2024-07-24,128.92,GBP,6300,Freight,transactions_2025.xlsx,duplicate_payment_candidate,duplicate_payments,,,,
T003033,V0055,INV-50265,2025-05-28,664.38,GBP,6200,Air travel,transactions_2024_h1.csv,duplicate_payment_candidate,duplicate_payments,,,,
T900054,V0055,INV-50265,2025-05-28,664.38,GBP,6200,Air travel,transactions_2025.xlsx,duplicate_payment_candidate,duplicate_payments,,,,
T008182,V0055,INV-75987,2025-03-01,559.41,GBP,6400,Office supplies,transactions_2025.xlsx,duplicate_payment_candidate,duplicate_payments,,,,
T900134,V0055,INV-75987,2025-03-04,559.41,GBP,6400,Office supplies,transactions_2025.xlsx,duplicate_payment_candidate,duplicate_payments,,,,
T000252,V0057,INV-69130,2024-12-23,1107.26,GBP,6000,Ad spend,transactions_2024_h1.csv,duplicate_payment_candidate,duplicate_payments,,,,
T900037,V0057,INV-69130,2024-12-25,1107.26,GBP,6000,Ad spend,transactions_2025.xlsx,duplicate_payment_candidate,duplicate_payments,,,,
T000766,V0057,INV-99957,2025-02-05,186.14,GBP,6500,Air travel,transactions_2024_h1.csv,duplicate_payment_candidate,duplicate_payments,,,,
T900117,V0057,INV-99957,2025-03-05,186.14,GBP,6500,Air travel,transactions_2025.xlsx,duplicate_payment_candidate,duplicate_payments,,,,
T003007,V0059,INV-36546,2025-01-07,688.59,GBP,6500,Software licence,transactions_2024_h1.csv,duplicate_payment_candidate,duplicate_payments,,,,
T900087,V0059,INV-36546,2025-09-01,688.59,GBP,6500,Software licence,transactions_2025.xlsx,duplicate_payment_candidate,duplicate_payments,,,,
T000108,V0061,INV-92727,2024-10-21,488.84,GBP,6100,Advisory fee,transactions_2024_h1.csv,duplicate_payment_candidate,duplicate_payments,,,,
T900063,V0061,INV-92727,2024-10-23,488.84,GBP,6100,Advisory fee,transactions_2025.xlsx,duplicate_payment_candidate,duplicate_payments,,,,
T005654,V0064,INV-88941,2024-04-29,1395.58,GBP,6300,Software licence,transactions_2024_h2.csv,duplicate_payment_candidate,duplicate_payments,,,,
T900013,V0064,INV-88941,2024-04-30,1395.58,GBP,6300,Software licence,transactions_2025.xlsx,duplicate_payment_candidate,duplicate_payments,,,,
T008848,V0066,INV-35389,2024-09-14,461.1,GBP,6500,Freight,transactions_2025.xlsx,duplicate_payment_candidate,duplicate_payments,,,,
T900029,V0066,INV-35389,2024-09-16,461.1,GBP,6500,Freight,transactions_2025.xlsx,duplicate_payment_candidate,duplicate_payments,,,,
T007232,V0066,INV-55439,2024-10-17,2581.96,GBP,6400,Freight,transactions_2024_h2.csv,duplicate_payment_candidate,duplicate_payments,,,,
T900099,V0066,INV-55439,2024-10-20,2581.96,GBP,6400,Freight,transactions_2025.xlsx,duplicate_payment_candidate,duplicate_payments,,,,
T001513,V0068,INV-49343,2025-04-28,183.37,GBP,6000,Advisory fee,transactions_2024_h1.csv,duplicate_payment_candidate,duplicate_payments,,,,
T900138,V0068,INV-49343,2025-05-01,183.37,GBP,6000,Advisory fee,transactions_2025.xlsx,duplicate_payment_candidate,duplicate_payments,,,,
T009002,V0071,INV-30922,2024-03-03,1313.9,GBP,6100,Air travel,transactions_2025.xlsx,duplicate_payment_candidate,duplicate_payments,,,,
T900088,V0071,INV-30922,2024-03-04,1313.9,GBP,6100,Air travel,transactions_2025.xlsx,duplicate_payment_candidate,duplicate_payments,,,,
T006688,V0072,INV-52494,2024-01-18,145.78,GBP,6500,Air travel,transactions_2024_h2.csv,duplicate_payment_candidate,duplicate_payments,,,,
T900077,V0072,INV-52494,2024-01-20,145.78,GBP,6500,Air travel,transactions_2025.xlsx,duplicate_payment_candidate,duplicate_payments,,,,
T004950,V0074,INV-70074,2025-06-15,650.64,GBP,6500,Air travel,transactions_2024_h1.csv,duplicate_payment_candidate,duplicate_payments,,,,
T900033,V0074,INV-70074,2025-06-15,650.64,GBP,6500,Air travel,transactions_2025.xlsx,duplicate_payment_candidate,duplicate_payments,,,,
T003146,V0076,INV-61088,2025-06-18,676.58,GBP,6300,Ad spend,transactions_2024_h1.csv,duplicate_payment_candidate,duplicate_payments,,,,
T900085,V0076,INV-61088,2025-06-20,676.58,GBP,6300,Ad spend,transactions_2025.xlsx,duplicate_payment_candidate,duplicate_payments,,,,
T007792,V0077,INV-19070,2025-10-05,168.54,GBP,6000,Software licence,transactions_2025.xlsx,duplicate_payment_candidate,duplicate_payments,,,,
T900141,V0077,INV-19070,2025-10-05,168.54,GBP,6000,Software licence,transactions_2025.xlsx,duplicate_payment_candidate,duplicate_payments,,,,
T003788,V0077,INV-23164,2025-02-17,152.36,GBP,6000,Air travel,transactions_2024_h1.csv,duplicate_payment_candidate,duplicate_payments,,,,
T900095,V0077,INV-23164,2025-02-19,152.36,GBP,6000,Air travel,transactions_2025.xlsx,duplicate_payment_candidate,duplicate_payments,,,,
T005971,V0077,INV-71449,2024-09-03,1180.02,GBP,6100,Software licence,transactions_2024_h2.csv,duplicate_payment_candidate,duplicate_payments,,,,
T900123,V0077,INV-71449,2024-09-06,1180.02,GBP,6100,Software licence,transactions_2025.xlsx,duplicate_payment_candidate,duplicate_payments,,,,
T006631,V0079,INV-11889,2024-06-04,71.88,GBP,6400,Software licence,transactions_2024_h2.csv,duplicate_payment_candidate,duplicate_payments,,,,
T900039,V0079,INV-11889,2024-04-08,71.88,GBP,6400,Software licence,transactions_2025.xlsx,duplicate_payment_candidate,duplicate_payments,,,,
T006518,V0080,INV-93617,2024-12-20,472.84,GBP,6000,Office supplies,transactions_2024_h2.csv,duplicate_payment_candidate,duplicate_payments,,,,
T900142,V0080,INV-93617,2024-12-22,472.84,GBP,6000,Office supplies,transactions_2025.xlsx,duplicate_payment_candidate,duplicate_payments,,,,
T009418,V0084,INV-86220,2025-06-11,615.62,GBP,6200,Air travel,transactions_2025.xlsx,duplicate_payment_candidate,duplicate_payments,,,,
T900135,V0084,INV-86220,2025-06-13,615.62,GBP,6200,Air travel,transactions_2025.xlsx,duplicate_payment_candidate,duplicate_payments,,,,
T000440,V0086,INV-49739,2024-01-16,379.52,GBP,6100,Office supplies,transactions_2024_h1.csv,duplicate_payment_candidate,duplicate_payments,,,,
T900009,V0086,INV-49739,2024-01-16,379.52,GBP,6100,Office supplies,transactions_2025.xlsx,duplicate_payment_candidate,duplicate_payments,,,,
T006034,V0087,INV-72235,2024-03-24,151.44,GBP,6100,Advisory fee,transactions_2024_h2.csv,duplicate_payment_candidate,duplicate_payments,,,,
T900015,V0087,INV-72235,2024-03-26,151.44,GBP,6100,Advisory fee,transactions_2025.xlsx,duplicate_payment_candidate,duplicate_payments,,,,
T004004,V0089,INV-63336,2024-03-15,678.51,GBP,6100,Software licence,transactions_2024_h1.csv,duplicate_payment_candidate,duplicate_payments,,,,
T900112,V0089,INV-63336,2024-03-15,678.51,GBP,6100,Software licence,transactions_2025.xlsx,duplicate_payment_candidate,duplicate_payments,,,,
T009190,V0090,INV-40146,2024-08-11,2371.61,GBP,6300,Freight,transactions_2025.xlsx,duplicate_payment_candidate,duplicate_payments,,,,
T900096,V0090,INV-40146,2024-10-11,2371.61,GBP,6300,Freight,transactions_2025.xlsx,duplicate_payment_candidate,duplicate_payments,,,,
T000036,V0091,INV-43862,2024-12-14,105.33,GBP,6200,Freight,transactions_2024_h1.csv,duplicate_payment_candidate,duplicate_payments,,,,
T900041,V0091,INV-43862,2024-12-16,105.33,GBP,6200,Freight,transactions_2025.xlsx,duplicate_payment_candidate,duplicate_payments,,,,
T005324,V0092,INV-18474,2025-03-28,508.43,GBP,6000,Software licence,transactions_2024_h2.csv,duplicate_payment_candidate,duplicate_payments,,,,
T900070,V0092,INV-18474,2025-03-29,508.43,GBP,6000,Software licence,transactions_2025.xlsx,duplicate_payment_candidate,duplicate_payments,,,,
T001316,V0092,INV-24378,2024-10-15,95.3,GBP,6000,Office supplies,transactions_2024_h1.csv,duplicate_payment_candidate,duplicate_payments,,,,
T900064,V0092,INV-24378,2024-10-15,95.3,GBP,6000,Office supplies,transactions_2025.xlsx,duplicate_payment_candidate,duplicate_payments,,,,
T000511,V0093,INV-80373,2024-03-28,543.21,GBP,6000,Office supplies,transactions_2024_h1.csv,duplicate_payment_candidate,duplicate_payments,,,,
T900132,V0093,INV-80373,2024-03-30,543.21,GBP,6000,Office supplies,transactions_2025.xlsx,duplicate_payment_candidate,duplicate_payments,,,,
T004641,V0094,INV-97616,2025-05-26,987.7,GBP,6300,Software licence,transactions_2024_h1.csv,duplicate_payment_candidate,duplicate_payments,,,,
T900022,V0094,INV-97616,2025-05-27,987.7,GBP,6300,Software licence,transactions_2025.xlsx,duplicate_payment_candidate,duplicate_payments,,,,
T000972,V0095,INV-15693,2025-03-15,190.73,GBP,6100,Ad spend,transactions_2024_h1.csv,duplicate_payment_candidate,duplicate_payments,,,,
T900076,V0095,INV-15693,2025-03-16,190.73,GBP,6100,Ad spend,transactions_2025.xlsx,duplicate_payment_candidate,duplicate_payments,,,,
T008792,V0095,INV-87746,2024-08-23,253.08,GBP,6200,Freight,transactions_2025.xlsx,duplicate_payment_candidate,duplicate_payments,,,,
T900139,V0095,INV-87746,2024-08-23,253.08,GBP,6200,Freight,transactions_2025.xlsx,duplicate_payment_candidate,duplicate_payments,,,,
T002679,V0096,INV-71693,2024-10-28,448.04,GBP,6400,Software licence,transactions_2024_h1.csv,duplicate_payment_candidate,duplicate_payments,,,,
T900031,V0096,INV-71693,2024-10-29,448.04,GBP,6400,Software licence,transactions_2025.xlsx,duplicate_payment_candidate,duplicate_payments,,,,
T001225,V0098,INV-15754,2024-06-23,329.04,GBP,6200,Freight,transactions_2024_h1.csv,duplicate_payment_candidate,duplicate_payments,,,,
T900129,V0098,INV-15754,2024-06-25,329.04,GBP,6200,Freight,transactions_2025.xlsx,duplicate_payment_candidate,duplicate_payments,,,,
T001189,V0098,INV-78251,2024-08-20,738.82,GBP,6300,Office supplies,transactions_2024_h1.csv,duplicate_payment_candidate,duplicate_payments,,,,
T900060,V0098,INV-78251,2024-08-21,738.82,GBP,6300,Office supplies,transactions_2025.xlsx,duplicate_payment_candidate,duplicate_payments,,,,
T008244,V0100,INV-60464,2024-09-22,1758.91,GBP,6400,Advisory fee,transactions_2025.xlsx,duplicate_payment_candidate,duplicate_payments,,,,
T900027,V0100,INV-60464,2024-09-24,1758.91,GBP,6400,Advisory fee,transactions_2025.xlsx,duplicate_payment_candidate,duplicate_payments,,,,
T007052,V0100,INV-99538,2024-03-08,625.71,GBP,6200,Freight,transactions_2024_h2.csv,duplicate_payment_candidate,duplicate_payments,,,,
T900018,V0100,INV-99538,2024-04-08,625.71,GBP,6200,Freight,transactions_2025.xlsx,duplicate_payment_candidate,duplicate_payments,,,,
T008188,V0102,INV-14254,2024-10-06,808.71,GBP,6400,Air travel,transactions_2025.xlsx,duplicate_payment_candidate,duplicate_payments,,,,
T900065,V0102,INV-14254,2024-09-10,808.71,GBP,6400,Air travel,transactions_2025.xlsx,duplicate_payment_candidate,duplicate_payments,,,,
T008179,V0103,INV-11641,2024-01-04,927.72,GBP,6500,Ad spend,transactions_2025.xlsx,duplicate_payment_candidate,duplicate_payments,,,,
T900075,V0103,INV-11641,2024-01-06,927.72,GBP,6500,Ad spend,transactions_2025.xlsx,duplicate_payment_candidate,duplicate_payments,,,,
T006078,V0104,INV-81341,2024-03-02,150.66,GBP,6500,Software licence,transactions_2024_h2.csv,duplicate_payment_candidate,duplicate_payments,,,,
T900062,V0104,INV-81341,2024-02-05,150.66,GBP,6500,Software licence,transactions_2025.xlsx,duplicate_payment_candidate,duplicate_payments,,,,
T002751,V0106,INV-40783,2024-01-30,2782.27,GBP,6200,Air travel,transactions_2024_h1.csv,duplicate_payment_candidate,duplicate_payments,,,,
T900010,V0106,INV-40783,2024-01-30,2782.27,GBP,6200,Air travel,transactions_2025.xlsx,duplicate_payment_candidate,duplicate_payments,,,,
T002754,V0106,INV-61298,2025-03-28,341.75,GBP,6300,Ad spend,transactions_2024_h1.csv,duplicate_payment_candidate,duplicate_payments,,,,
T900066,V0106,INV-61298,2025-03-30,341.75,GBP,6300,Ad spend,transactions_2025.xlsx,duplicate_payment_candidate,duplicate_payments,,,,
T002305,V0106,INV-88871,2024-12-07,3623.64,GBP,6100,Advisory fee,transactions_2024_h1.csv,duplicate_payment_candidate,duplicate_payments,,,,
T900049,V0106,INV-88871,2024-10-12,3623.64,GBP,6100,Advisory fee,transactions_2025.xlsx,duplicate_payment_candidate,duplicate_payments,,,,
T009239,V0107,INV-11736,2025-11-03,160.42,GBP,6300,Advisory fee,transactions_2025.xlsx,duplicate_payment_candidate,duplicate_payments,,,,
T900092,V0107,INV-11736,2025-12-03,160.42,GBP,6300,Advisory fee,transactions_2025.xlsx,duplicate_payment_candidate,duplicate_payments,,,,
T005590,V0110,INV-15038,2025-01-25,2195.92,GBP,6300,Ad spend,transactions_2024_h2.csv,duplicate_payment_candidate,duplicate_payments,,,,
T900036,V0110,INV-15038,2025-01-28,2195.92,GBP,6300,Ad spend,transactions_2025.xlsx,duplicate_payment_candidate,duplicate_payments,,,,
T006293,V0112,INV-22243,2024-04-19,703.53,GBP,6200,Freight,transactions_2024_h2.csv,duplicate_payment_candidate,duplicate_payments,,,,
T900130,V0112,INV-22243,2024-04-20,703.53,GBP,6200,Freight,transactions_2025.xlsx,duplicate_payment_candidate,duplicate_payments,,,,
T006844,V0113,INV-26796,2024-09-02,158.23,GBP,6400,Air travel,transactions_2024_h2.csv,duplicate_payment_candidate,duplicate_payments,,,,
T900104,V0113,INV-26796,2024-02-09,158.23,GBP,6400,Air travel,transactions_2025.xlsx,duplicate_payment_candidate,duplicate_payments,,,,
T007641,V0113,INV-87484,2024-04-21,41.46,GBP,6000,Software licence,transactions_2025.xlsx,duplicate_payment_candidate,duplicate_payments,,,,
T900116,V0113,INV-87484,2024-04-23,41.46,GBP,6000,Software licence,transactions_2025.xlsx,duplicate_payment_candidate,duplicate_payments,,,,
T003724,V0116,INV-27419,2024-11-30,56.54,GBP,6500,Advisory fee,transactions_2024_h1.csv,duplicate_payment_candidate,duplicate_payments,,,,
T900050,V0116,INV-27419,2024-11-30,56.54,GBP,6500,Advisory fee,transactions_2025.xlsx,duplicate_payment_candidate,duplicate_payments,,,,
T000120,V0117,INV-49599,2024-07-22,922.54,GBP,6300,Ad spend,transactions_2024_h1.csv,duplicate_payment_candidate,duplicate_payments,,,,
T900140,V0117,INV-49599,2024-07-24,922.54,GBP,6300,Ad spend,transactions_2025.xlsx,duplicate_payment_candidate,duplicate_payments,,,,
T004820,V0117,INV-57867,2024-01-11,296.65,GBP,6300,Ad spend,transactions_2024_h1.csv,duplicate_payment_candidate,duplicate_payments,,,,
T900046,V0117,INV-57867,2024-01-14,296.65,GBP,6300,Ad spend,transactions_2025.xlsx,duplicate_payment_candidate,duplicate_payments,,,,
T003306,V0117,INV-72800,2024-06-05,1296.61,GBP,6300,Freight,transactions_2024_h1.csv,duplicate_payment_candidate,duplicate_payments,,,,
T900086,V0117,INV-72800,2024-06-06,1296.61,GBP,6300,Freight,transactions_2025.xlsx,duplicate_payment_candidate,duplicate_payments,,,,
T003351,V0118,INV-96430,2024-03-23,227.84,GBP,6200,Freight,transactions_2024_h1.csv,duplicate_payment_candidate,duplicate_payments,,,,
T900124,V0118,INV-96430,2024-03-25,227.84,GBP,6200,Freight,transactions_2025.xlsx,duplicate_payment_candidate,duplicate_payments,,,,
T006591,V0119,INV-58040,2024-12-26,318.19,GBP,6300,Office supplies,transactions_2024_h2.csv,duplicate_payment_candidate,duplicate_payments,,,,
T900028,V0119,INV-58040,2024-12-28,318.19,GBP,6300,Office supplies,transactions_2025.xlsx,duplicate_payment_candidate,duplicate_payments,,,,
T003338,V0122,INV-59724,2025-03-05,342.45,GBP,6100,Software licence,transactions_2024_h1.csv,duplicate_payment_candidate,duplicate_payments,,,,
T900035,V0122,INV-59724,2025-05-04,342.45,GBP,6100,Software licence,transactions_2025.xlsx,duplicate_payment_candidate,duplicate_payments,,,,
T000097,V0124,INV-55236,2024-12-06,558.77,GBP,6400,Freight,transactions_2024_h1.csv,duplicate_payment_candidate,duplicate_payments,,,,
T900136,V0124,INV-55236,2024-12-07,558.77,GBP,6400,Freight,transactions_2025.xlsx,duplicate_payment_candidate,duplicate_payments,,,,
T008363,V0124,INV-62075,2025-01-04,94.06,GBP,6100,Software licence,transactions_2025.xlsx,duplicate_payment_candidate,duplicate_payments,,,,
T900042,V0124,INV-62075,2025-07-01,94.06,GBP,6100,Software licence,transactions_2025.xlsx,duplicate_payment_candidate,duplicate_payments,,,,
T002250,V0124,INV-64919,2025-06-20,1111.89,GBP,6400,Software licence,transactions_2024_h1.csv,duplicate_payment_candidate,duplicate_payments,,,,
T900021,V0124,INV-64919,2025-06-20,1111.89,GBP,6400,Software licence,transactions_2025.xlsx,duplicate_payment_candidate,duplicate_payments,,,,
T005020,V0124,INV-77090,2024-02-21,625.13,GBP,6000,Freight,transactions_2024_h1.csv,duplicate_payment_candidate,duplicate_payments,,,,
T900101,V0124,INV-77090,2024-02-24,625.13,GBP,6000,Freight,transactions_2025.xlsx,duplicate_payment_candidate,duplicate_payments,,,,
T008329,V0125,INV-29049,2024-11-07,429.3,GBP,6400,Office supplies,transactions_2025.xlsx,duplicate_payment_candidate,duplicate_payments,,,,
T900034,V0125,INV-29049,2024-07-14,429.3,GBP,6400,Office supplies,transactions_2025.xlsx,duplicate_payment_candidate,duplicate_payments,,,,
T000040,V0126,INV-68743,2024-01-18,500.97,GBP,6000,Air travel,transactions_2024_h1.csv,duplicate_payment_candidate,duplicate_payments,,,,
T900045,V0126,INV-68743,2024-01-19,500.97,GBP,6000,Air travel,transactions_2025.xlsx,duplicate_payment_candidate,duplicate_payments,,,,
T008128,V0126,INV-91619,2025-06-13,142.43,GBP,6000,Freight,transactions_2025.xlsx,duplicate_payment_candidate,duplicate_payments,,,,
T900053,V0126,INV-91619,2025-06-16,142.43,GBP,6000,Freight,transactions_2025.xlsx,duplicate_payment_candidate,duplicate_payments,,,,
T006831,V0131,INV-68038,2025-01-25,656.25,GBP,6200,Ad spend,transactions_2024_h2.csv,duplicate_payment_candidate,duplicate_payments,,,,
T900145,V0131,INV-68038,2025-01-27,656.25,GBP,6200,Ad spend,transactions_2025.xlsx,duplicate_payment_candidate,duplicate_payments,,,,
T004072,V0132,INV-82553,2024-03-08,185.82,GBP,6500,Software licence,transactions_2024_h1.csv,duplicate_payment_candidate,duplicate_payments,,,,
T900119,V0132,INV-82553,2024-03-08,185.82,GBP,6500,Software licence,transactions_2025.xlsx,duplicate_payment_candidate,duplicate_payments,,,,
T009921,V0133,INV-87689,2024-02-07,129.99,GBP,6300,Software licence,transactions_2025.xlsx,duplicate_payment_candidate,duplicate_payments,,,,
T900025,V0133,INV-87689,2024-02-09,129.99,GBP,6300,Software licence,transactions_2025.xlsx,duplicate_payment_candidate,duplicate_payments,,,,
T003974,V0135,INV-44574,2024-10-24,443.8,GBP,6500,Software licence,transactions_2024_h1.csv,duplicate_payment_candidate,duplicate_payments,,,,
T900038,V0135,INV-44574,2024-10-25,443.8,GBP,6500,Software licence,transactions_2025.xlsx,duplicate_payment_candidate,duplicate_payments,,,,
T007953,V0138,INV-77454,2024-08-03,299.64,GBP,6400,Air travel,transactions_2025.xlsx,duplicate_payment_candidate,duplicate_payments,,,,
T900122,V0138,INV-77454,2024-08-04,299.64,GBP,6400,Air travel,transactions_2025.xlsx,duplicate_payment_candidate,duplicate_payments,,,,
T001057,V0141,INV-17055,2024-01-27,392.25,GBP,6300,Freight,transactions_2024_h1.csv,duplicate_payment_candidate,duplicate_payments,,,,
T900093,V0141,INV-17055,2024-01-28,392.25,GBP,6300,Freight,transactions_2025.xlsx,duplicate_payment_candidate,duplicate_payments,,,,
T006744,V0141,INV-23343,2024-11-21,78.12,GBP,6400,Office supplies,transactions_2024_h2.csv,duplicate_payment_candidate,duplicate_payments,,,,
T900111,V0141,INV-23343,2024-11-21,78.12,GBP,6400,Office supplies,transactions_2025.xlsx,duplicate_payment_candidate,duplicate_payments,,,,
T007826,V0144,INV-37025,2025-05-15,1454.12,GBP,6100,Ad spend,transactions_2025.xlsx,duplicate_payment_candidate,duplicate_payments,,,,
T900097,V0144,INV-37025,2025-05-15,1454.12,GBP,6100,Ad spend,transactions_2025.xlsx,duplicate_payment_candidate,duplicate_payments,,,,
T004000,V0145,INV-89954,2025-03-20,599.87,GBP,6200,Software licence,transactions_2024_h1.csv,duplicate_payment_candidate,duplicate_payments,,,,
T900014,V0145,INV-89954,2025-03-23,599.87,GBP,6200,Software licence,transactions_2025.xlsx,duplicate_payment_candidate,duplicate_payments,,,,
T002166,V0145,INV-96155,2025-06-07,132.08,GBP,6400,Office supplies,transactions_2024_h1.csv,duplicate_payment_candidate,duplicate_payments,,,,
T900105,V0145,INV-96155,2025-07-06,132.08,GBP,6400,Office supplies,transactions_2025.xlsx,duplicate_payment_candidate,duplicate_payments,,,,
T000765,V0147,INV-34892,2024-12-17,1428.24,GBP,6500,Advisory fee,transactions_2024_h1.csv,duplicate_payment_candidate,duplicate_payments,,,,
T900100,V0147,INV-34892,2024-12-19,1428.24,GBP,6500,Advisory fee,transactions_2025.xlsx,duplicate_payment_candidate,duplicate_payments,,,,
T009897,V0147,INV-58721,2024-05-27,247.7,GBP,6200,Air travel,transactions_2025.xlsx,duplicate_payment_candidate,duplicate_payments,,,,
T900020,V0147,INV-58721,2024-05-27,247.7,GBP,6200,Air travel,transactions_2025.xlsx,duplicate_payment_candidate,duplicate_payments,,,,
T007939,V0148,INV-87798,2024-01-26,2090.18,GBP,6000,Advisory fee,transactions_2025.xlsx,duplicate_payment_candidate,duplicate_payments,,,,
T900055,V0148,INV-87798,2024-01-28,2090.18,GBP,6000,Advisory fee,transactions_2025.xlsx,duplicate_payment_candidate,duplicate_payments,,,,
T004748,V0151,INV-19077,2024-12-26,122.15,GBP,6000,Air travel,transactions_2024_h1.csv,duplicate_payment_candidate,duplicate_payments,,,,
T900149,V0151,INV-19077,2024-12-26,122.15,GBP,6000,Air travel,transactions_2025.xlsx,duplicate_payment_candidate,duplicate_payments,,,,
T000800,V0156,INV-27978,2025-03-04,416.85,GBP,6000,Freight,transactions_2024_h1.csv,duplicate_payment_candidate,duplicate_payments,,,,
T900071,V0156,INV-27978,2025-05-03,416.85,GBP,6000,Freight,transactions_2025.xlsx,duplicate_payment_candidate,duplicate_payments,,,,
T001761,V0157,INV-23352,2024-12-02,2450.29,GBP,6400,Software licence,transactions_2024_h1.csv,duplicate_payment_candidate,duplicate_payments,,,,
T900048,V0157,INV-23352,2024-02-13,2450.29,GBP,6400,Software licence,transactions_2025.xlsx,duplicate_payment_candidate,duplicate_payments,,,,
T000034,V0157,INV-97580,2025-01-23,126.03,GBP,6200,Software licence,transactions_2024_h1.csv,duplicate_payment_candidate,duplicate_payments,,,,
T900143,V0157,INV-97580,2025-01-25,126.03,GBP,6200,Software licence,transactions_2025.xlsx,duplicate_payment_candidate,duplicate_payments,,,,
T002877,V0158,INV-69827,2025-03-21,144.0,GBP,6500,Ad spend,transactions_2024_h1.csv,duplicate_payment_candidate,duplicate_payments,,,,
T900069,V0158,INV-69827,2025-03-21,144.0,GBP,6500,Ad spend,transactions_2025.xlsx,duplicate_payment_candidate,duplicate_payments,,,,
T000322,V0159,INV-93753,2024-02-01,776.4,GBP,6300,Advisory fee,transactions_2024_h1.csv,duplicate_payment_candidate,duplicate_payments,,,,
T900030,V0159,INV-93753,2024-01-02,776.4,GBP,6300,Advisory fee,transactions_2025.xlsx,duplicate_payment_candidate,duplicate_payments,,,,
T000577,V0161,INV-50043,2024-08-27,522.79,GBP,6300,Advisory fee,transactions_2024_h1.csv,duplicate_payment_candidate,duplicate_payments,,,,
T900006,V0161,INV-50043,2024-08-30,522.79,GBP,6300,Advisory fee,transactions_2025.xlsx,duplicate_payment_candidate,duplicate_payments,,,,
T009318,V0162,INV-89284,2024-07-22,134.69,GBP,6000,Office supplies,transactions_2025.xlsx,duplicate_payment_candidate,duplicate_payments,,,,
T900044,V0162,INV-89284,2024-07-24,134.69,GBP,6000,Office supplies,transactions_2025.xlsx,duplicate_payment_candidate,duplicate_payments,,,,
T004743,V0162,INV-99776,2024-11-12,404.15,GBP,6100,Software licence,transactions_2024_h1.csv,duplicate_payment_candidate,duplicate_payments,,,,
T900003,V0162,INV-99776,2024-11-14,404.15,GBP,6100,Software licence,transactions_2025.xlsx,duplicate_payment_candidate,duplicate_payments,,,,
T002928,V0164,INV-23254,2025-01-26,510.91,GBP,6400,Advisory fee,transactions_2024_h1.csv,duplicate_payment_candidate,duplicate_payments,,,,
T900074,V0164,INV-23254,2025-01-27,510.91,GBP,6400,Advisory fee,transactions_2025.xlsx,duplicate_payment_candidate,duplicate_payments,,,,
T005795,V0164,INV-31183,2024-12-15,294.91,GBP,6300,Advisory fee,transactions_2024_h2.csv,duplicate_payment_candidate,duplicate_payments,,,,
T900133,V0164,INV-31183,2024-12-16,294.91,GBP,6300,Advisory fee,transactions_2025.xlsx,duplicate_payment_candidate,duplicate_payments,,,,
T004626,V0166,INV-89235,2025-01-20,1615.94,GBP,6100,Ad spend,transactions_2024_h1.csv,duplicate_payment_candidate,duplicate_payments,,,,
T900032,V0166,INV-89235,2025-01-22,1615.94,GBP,6100,Ad spend,transactions_2025.xlsx,duplicate_payment_candidate,duplicate_payments,,,,
T003123,V0170,INV-29034,2024-02-05,692.51,GBP,6500,Ad spend,transactions_2024_h1.csv,duplicate_payment_candidate,duplicate_payments,,,,
T900131,V0170,INV-29034,2024-05-02,692.51,GBP,6500,Ad spend,transactions_2025.xlsx,duplicate_payment_candidate,duplicate_payments,,,,
T001514,V0171,INV-47707,2025-03-03,51.77,GBP,6100,Ad spend,transactions_2024_h1.csv,duplicate_payment_candidate,duplicate_payments,,,,
T900043,V0171,INV-47707,2025-03-06,51.77,GBP,6100,Ad spend,transactions_2025.xlsx,duplicate_payment_candidate,duplicate_payments,,,,
T004217,V0171,INV-84562,2024-12-19,3109.8,GBP,6100,Advisory fee,transactions_2024_h1.csv,duplicate_payment_candidate,duplicate_payments,,,,
T900121,V0171,INV-84562,2024-12-20,3109.8,GBP,6100,Advisory fee,transactions_2025.xlsx,duplicate_payment_candidate,duplicate_payments,,,,
T007851,V0173,INV-63775,2025-03-10,3650.69,GBP,6000,Software licence,transactions_2025.xlsx,duplicate_payment_candidate,duplicate_payments,,,,
T900107,V0173,INV-63775,2025-10-03,3650.69,GBP,6000,Software licence,transactions_2025.xlsx,duplicate_payment_candidate,duplicate_payments,,,,
T002895,V0173,INV-65652,2025-02-07,705.63,GBP,6400,Software licence,transactions_2024_h1.csv,duplicate_payment_candidate,duplicate_payments,,,,
T900073,V0173,INV-65652,2025-02-09,705.63,GBP,6400,Software licence,transactions_2025.xlsx,duplicate_payment_candidate,duplicate_payments,,,,
T007488,V0175,INV-19220,2024-05-13,669.94,GBP,6500,Freight,transactions_2024_h2.csv,duplicate_payment_candidate,duplicate_payments,,,,
T900011,V0175,INV-19220,2024-05-16,669.94,GBP,6500,Freight,transactions_2025.xlsx,duplicate_payment_candidate,duplicate_payments,,,,
T008159,V0175,INV-57503,2024-08-20,651.67,GBP,6100,Office supplies,transactions_2025.xlsx,duplicate_payment_candidate,duplicate_payments,,,,
T900019,V0175,INV-57503,2024-08-23,651.67,GBP,6100,Office supplies,transactions_2025.xlsx,duplicate_payment_candidate,duplicate_payments,,,,
T005528,V0178,INV-69691,2024-03-01,409.26,GBP,6200,Advisory fee,transactions_2024_h2.csv,duplicate_payment_candidate,duplicate_payments,,,,
T900110,V0178,INV-69691,2024-04-03,409.26,GBP,6200,Advisory fee,transactions_2025.xlsx,duplicate_payment_candidate,duplicate_payments,,,,
T003571,V0178,INV-83424,2024-05-20,290.84,GBP,6300,Air travel,transactions_2024_h1.csv,duplicate_payment_candidate,duplicate_payments,,,,
T900072,V0178,INV-83424,2024-05-21,290.84,GBP,6300,Air travel,transactions_2025.xlsx,duplicate_payment_candidate,duplicate_payments,,,,
T006232,V0180,INV-66094,2025-06-02,270.45,GBP,6200,Office supplies,transactions_2024_h2.csv,duplicate_payment_candidate,duplicate_payments,,,,
T900068,V0180,INV-66094,2025-09-02,270.45,GBP,6200,Office supplies,transactions_2025.xlsx,duplicate_payment_candidate,duplicate_payments,,,,
T006364,V0183,INV-36315,2024-01-14,855.37,GBP,6000,Software licence,transactions_2024_h2.csv,duplicate_payment_candidate,duplicate_payments,,,,
T900008,V0183,INV-36315,2024-01-15,855.37,GBP,6000,Software licence,transactions_2025.xlsx,duplicate_payment_candidate,duplicate_payments,,,,
T004082,V0184,INV-30173,2024-05-12,187.16,GBP,6200,Freight,transactions_2024_h1.csv,duplicate_payment_candidate,duplicate_payments,,,,
T900127,V0184,INV-30173,2024-05-14,187.16,GBP,6200,Freight,transactions_2025.xlsx,duplicate_payment_candidate,duplicate_payments,,,,
T000953,V0185,INV-24855,2025-08-05,101.83,GBP,6500,Ad spend,transactions_2024_h1.csv,duplicate_payment_candidate,duplicate_payments,,,,
T900081,V0185,INV-24855,2025-05-11,101.83,GBP,6500,Ad spend,transactions_2025.xlsx,duplicate_payment_candidate,duplicate_payments,,,,
T003466,V0185,INV-52907,2025-04-13,92.72,GBP,6300,Freight,transactions_2024_h1.csv,duplicate_payment_candidate,duplicate_payments,,,,
T900047,V0185,INV-52907,2025-04-14,92.72,GBP,6300,Freight,transactions_2025.xlsx,duplicate_payment_candidate,duplicate_payments,,,,
T004050,V0188,INV-89494,2025-03-24,621.81,GBP,6100,Ad spend,transactions_2024_h1.csv,duplicate_payment_candidate,duplicate_payments,,,,
T900115,V0188,INV-89494,2025-03-24,621.81,GBP,6100,Ad spend,transactions_2025.xlsx,duplicate_payment_candidate,duplicate_payments,,,,
T003155,V0190,INV-86798,2024-06-04,128.72,GBP,6100,Ad spend,transactions_2024_h1.csv,duplicate_payment_candidate,duplicate_payments,,,,
T900094,V0190,INV-86798,2024-06-04,128.72,GBP,6100,Ad spend,transactions_2025.xlsx,duplicate_payment_candidate,duplicate_payments,,,,
T009931,V0190,INV-89629,2024-10-03,185.66,GBP,6400,Air travel,transactions_2025.xlsx,duplicate_payment_candidate,duplicate_payments,,,,
T900017,V0190,INV-89629,2024-03-13,185.66,GBP,6400,Air travel,transactions_2025.xlsx,duplicate_payment_candidate,duplicate_payments,,,,
T006341,V0191,INV-22606,2024-02-14,145.7,GBP,6000,Ad spend,transactions_2024_h2.csv,duplicate_payment_candidate,duplicate_payments,,,,
T900005,V0191,INV-22606,2024-02-15,145.7,GBP,6000,Ad spend,transactions_2025.xlsx,duplicate_payment_candidate,duplicate_payments,,,,
T008094,V0193,INV-61188,2024-03-28,235.44,GBP,6400,Air travel,transactions_2025.xlsx,duplicate_payment_candidate,duplicate_payments,,,,
T900103,V0193,INV-61188,2024-03-31,235.44,GBP,6400,Air travel,transactions_2025.xlsx,duplicate_payment_candidate,duplicate_payments,,,,
T009150,V0194,INV-32188,2025-03-18,638.14,GBP,6300,Office supplies,transactions_2025.xlsx,duplicate_payment_candidate,duplicate_payments,,,,
T900128,V0194,INV-32188,2025-03-21,638.14,GBP,6300,Office supplies,transactions_2025.xlsx,duplicate_payment_candidate,duplicate_payments,,,,
T001863,V0195,INV-46848,2025-01-01,965.68,GBP,6100,Software licence,transactions_2024_h1.csv,duplicate_payment_candidate,duplicate_payments,,,,
T900106,V0195,INV-46848,2025-01-01,965.68,GBP,6100,Software licence,transactions_2025.xlsx,duplicate_payment_candidate,duplicate_payments,,,,
T004994,V0200,INV-71905,2024-08-30,752.54,GBP,6500,Office supplies,transactions_2024_h1.csv,duplicate_payment_candidate,duplicate_payments,,,,
T900052,V0200,INV-71905,2024-08-31,752.54,GBP,6500,Office supplies,transactions_2025.xlsx,duplicate_payment_candidate,duplicate_payments,,,,
